featureid	dna_sequence	taxonomy	verbatimIdentification	kingdom	phylum	class	order	family	genus	species	Confidence
173617266b01c5822338e2a3de56ea8b	ATTATGCTTAACTATAAACACTGATGTGACATAACCACATCCGCCAGGAAACTACGAGCAAAGCTTGAAACCCAAAGGACTTGGCGGTATCTCAGACCCTC	Eukaryota;Chordata;Actinopteri;Stomiiformes;Sternoptychidae;Maurolicus;Maurolicus weitzmani	Eukaryota;Chordata;Actinopteri;Stomiiformes;Sternoptychidae;Maurolicus;Maurolicus weitzmani	Eukaryota	Chordata	Actinopteri	Stomiiformes	Sternoptychidae	Maurolicus	Maurolicus weitzmani	0.9999999993304911
b8c407aca42fe67df22b5763fee14642	ACTATGCCTAGCCGTAAACATTGATGGAAGTACTACACACTCCATCCGCCCGGGTACTACGAGCATTAGCTTGAAACCCAAAGGACTTGGCGGTGCTTTAGACCCAC	Eukaryota;Chordata;Actinopteri;Myctophiformes;Myctophidae;Diaphus;Diaphus dumerilii	Eukaryota;Chordata;Actinopteri;Myctophiformes;Myctophidae;Diaphus;Diaphus dumerilii	Eukaryota	Chordata	Actinopteri	Myctophiformes	Myctophidae	Diaphus	Diaphus dumerilii	0.9999750720861934
4feb4cae27c142cc61d49716415710bb	ACTATGCCTAGCCGTAAACATTGATAGAATTCTACACCCTCTATCCGCCTGGGTACTACGAGCATCAGCTTGAAACCCAAAGGACTTGGCGGTACTTTAGATCCCC	Eukaryota;Chordata;Actinopteri;Scombriformes;Scombridae;Thunnini	Eukaryota;Chordata;Actinopteri;Scombriformes;Scombridae;Thunnini	Eukaryota	Chordata	Actinopteri	Scombriformes	Scombridae	Thunnini		0.9999977150202586
2201c8f2640bbf5950575d7783ac1db9	ACTATGCTTAGCCGTAAACTTTGATAAAAAATTACAATTAATATCCGCCAGGGAACTACGAGCGCCAGCTTAAAACCCAAAGGACTTGGCGGTGCCCCAGACCCAC	Eukaryota;Chordata;Actinopteri;Argentiniformes;Argentinidae;Argentina;Argentina striata	Eukaryota;Chordata;Actinopteri;Argentiniformes;Argentinidae;Argentina;Argentina striata	Eukaryota	Chordata	Actinopteri	Argentiniformes	Argentinidae	Argentina	Argentina striata	0.9999456803221525
345ff01c3e4baee2c1e56426e2da6121	ACTATGCTTAGCCGTAAACTTAAATATTAAAATACAACTAATATTCGCCAGGGGACTACAAGCGCCAGCTTAAAACCCAAAGGACTTGGCGGTACTTCAGACCCAC	Eukaryota;Chordata;Actinopteri;Stomiiformes;Stomiidae;Heterophotus;Heterophotus ophistoma	Eukaryota;Chordata;Actinopteri;Stomiiformes;Stomiidae;Heterophotus;Heterophotus ophistoma	Eukaryota	Chordata	Actinopteri	Stomiiformes	Stomiidae	Heterophotus	Heterophotus ophistoma	0.9843650550956332
8756424d388f0d5747c417ef1d21627b	ACTATGCTTAGCCGTAAACATTGATAGAATACTACACCCTCTATCCGCCTGGGTACTACGAGCATTAGCTTAAAACCCAAAGGACTTGGCGGTACTTTAGATCCCC	Eukaryota;Chordata;Actinopteri;Scombriformes;Ariommatidae;Ariomma;Ariomma bondi	Eukaryota;Chordata;Actinopteri;Scombriformes;Ariommatidae;Ariomma;Ariomma bondi	Eukaryota	Chordata	Actinopteri	Scombriformes	Ariommatidae	Ariomma	Ariomma bondi	0.8006258073449951
fbc5f1c4b6bd92505e084666e3598c4c	ACTATGCCTAGCCCTAAACATTGGTAGTATATTACACCCACTACCCGCCCGGGTACTACGAGCATTAGCTTGAAACCCAAAGGACTTGGCGGTGCTTTAGACCCAC	Eukaryota;Chordata;Actinopteri;Lutjaniformes;Lutjanidae;Pristipomoides	Eukaryota;Chordata;Actinopteri;Lutjaniformes;Lutjanidae;Pristipomoides	Eukaryota	Chordata	Actinopteri	Lutjaniformes	Lutjanidae	Pristipomoides		0.9999925824878158
fd1e3437ec32379444ff34a5cd911452	ACTATGCTTAATCGTAAACAACGATGGTCAAATACAGACACCATCCGCCAGGGGACTACGAGCATCAGCTTAAAACCCAAAGGACTTGGCGGTGCCTCACACCCAC	Eukaryota;Chordata;Actinopteri;Anguilliformes;Nettastomatidae;Hoplunnis;Hoplunnis tenuis	Eukaryota;Chordata;Actinopteri;Anguilliformes;Nettastomatidae;Hoplunnis;Hoplunnis tenuis	Eukaryota	Chordata	Actinopteri	Anguilliformes	Nettastomatidae	Hoplunnis	Hoplunnis tenuis	0.9988337364104577
33314b4b8a46a30edaa53e3f02d7f925	ACTATGCTTAGCCCTAAACATCGATAGCACACTACACCCGCTATCCGCCTGGGTACTACGAGCATTAGCTTGAAACCCAAAGGACTTGGCGGTGCTTTAGAACCAC	Eukaryota;Chordata;Actinopteri;Acropomatiformes;Acropomatidae;Verilus	Eukaryota;Chordata;Actinopteri;Acropomatiformes;Acropomatidae;Verilus	Eukaryota	Chordata	Actinopteri	Acropomatiformes	Acropomatidae	Verilus		0.7221150178539717
97d76a14be6e38a9f5ed893ceeee2059	ACTATGCCTAATTGTAAACAACGATGGCAATATACAAACACCATCCGCCAGGGAACTACGAGCATTAGCTTAAAACCCAAAGGACTTGGCGGTGCCTCAAACCCAC	Eukaryota;Chordata;Actinopteri;Anguilliformes;Congridae;Rhynchoconger;Rhynchoconger flavus	Eukaryota;Chordata;Actinopteri;Anguilliformes;Congridae;Rhynchoconger;Rhynchoconger flavus	Eukaryota	Chordata	Actinopteri	Anguilliformes	Congridae	Rhynchoconger	Rhynchoconger flavus	0.9874564369349904
a75febaac22a7655126d4a89c45c8933	ACTATGCTTAGTCGTAAACTTAAATAATCCTAAAACAAGATTATTCGCCAGAGTACTATCGGCAACAGCCCAAAACTCAAAGGACTTGGCGGTGCTTCATATCCTT	Eukaryota;Chordata;Mammalia;Artiodactyla;Delphinidae;Tursiops;Tursiops truncatus	Eukaryota;Chordata;Mammalia;Artiodactyla;Delphinidae;Tursiops;Tursiops truncatus	Eukaryota	Chordata	Mammalia	Artiodactyla	Delphinidae	Tursiops	Tursiops truncatus	0.9999988441279304
b9059151082f294c7116ed698fb867ea	ACTATGCCTAGCCTTAAACATAGATAGCATCACCACACCGCTATCCGCCCGGGAACTACGAGCATAAGCTTAAAACCCAAAGGACTTGGCGGTGCTTTAGATCCCC	Eukaryota;Chordata;Actinopteri;Acropomatiformes;Acropomatidae;Synagrops;Synagrops spinosus	Eukaryota;Chordata;Actinopteri;Acropomatiformes;Acropomatidae;Synagrops;Synagrops spinosus	Eukaryota	Chordata	Actinopteri	Acropomatiformes	Acropomatidae	Synagrops	Synagrops spinosus	0.9999984626920216
af25fc3036eeafad6c3db933022db547	ACTATGCTTAGCCCTAAACATTGATAGAATCTTACACCCTCTATCCGCCCGGGTACTACGAGCATCAGCTTGAAACCCAAAGGACTTGGCGGTACTTTAGATCCCC	Eukaryota;Chordata;Actinopteri;Scombriformes;Gempylidae;Neoepinnula;Neoepinnula americana	Eukaryota;Chordata;Actinopteri;Scombriformes;Gempylidae;Neoepinnula;Neoepinnula americana	Eukaryota	Chordata	Actinopteri	Scombriformes	Gempylidae	Neoepinnula	Neoepinnula americana	0.9998925656816025
272b952bfc6e84de3e33447c805a19ae	ACTATGCCTAGCCGTAAACATTGATAGAATTCTACACCCTCTATCCGCCTGGGTACTACGAGCATTAGCTTGAAACCCAAAGGACTTGGCGGTACTTTAGATCCCC	Eukaryota;Chordata;Actinopteri;Scombriformes;Scombridae	Eukaryota;Chordata;Actinopteri;Scombriformes;Scombridae	Eukaryota	Chordata	Actinopteri	Scombriformes	Scombridae			0.9999814353404229
ab531057ac23d57dcd86573bae457871	ACTATGCCTAACCGTAAACCTAGATAGAACCCTACACTCACTATCCGCCCGGGAACTACGAGCACTAGCTTCAAACCCAAAGGACTTGGCGGTGCTTTAGACCCAC	Eukaryota;Chordata;Actinopteri;Aulopiformes;Paralepididae	Eukaryota;Chordata;Actinopteri;Aulopiformes;Paralepididae	Eukaryota	Chordata	Actinopteri	Aulopiformes	Paralepididae			0.9992281711422482
0de87c4b4c08654d7f6aee2727489091	CCTATGCCTAGCCGTAAACATAGATAGAAAACTACACCCACTATCCGCCCGGGAACTACAAGCATTAGCTTGAAACCCAAAGGACTTGGCGGTGCTTTAGATCCCC	Eukaryota;Chordata;Actinopteri;Perciformes;Bembropidae;Bembrops;Bembrops anatirostris	Eukaryota;Chordata;Actinopteri;Perciformes;Bembropidae;Bembrops;Bembrops anatirostris	Eukaryota	Chordata	Actinopteri	Perciformes	Bembropidae	Bembrops	Bembrops anatirostris	0.9999989669914846
c6335231ee8256f44efaffea7808bc4d	ACTATGCTTAGCCGTAAACATTGATAGAGCAATACAATCCCTATCCGCCCGGACACTACGAGCATAAGCTTAAAATCCAAAGGACTTGGCGGTTCGTTAGATCCCT	Eukaryota;Chordata;Actinopteri;Scombriformes;Trichiuridae;Lepidopus;Lepidopus altifrons	Eukaryota;Chordata;Actinopteri;Scombriformes;Trichiuridae;Lepidopus;Lepidopus altifrons	Eukaryota	Chordata	Actinopteri	Scombriformes	Trichiuridae	Lepidopus	Lepidopus altifrons	0.9999957046394337
03aa9f58f2579b6732814be76a9fbdc9	ACTATGCTTAGCCCTAAACATTGATCGTTTACTACATCAAACATCCGCCTGGGAATTACGAACATTAGTTTAAAACCCAAAGGACTTGGCGGTGCTTAACATCCAC	Eukaryota;Chordata;Actinopteri;Carangiformes;Carangidae;Caranx;Caranx crysos	Eukaryota;Chordata;Actinopteri;Carangiformes;Carangidae;Caranx;Caranx crysos	Eukaryota	Chordata	Actinopteri	Carangiformes	Carangidae	Caranx	Caranx crysos	0.9983738688289016
3f6052cc68387057ef967c6f5107e501	ACTATGCCTAGCCGTAAACATTGATGGAAATACTACACACTCCATCCGCCCGGGTACTACGAGCATTAGCTTGAAACCCAAAGGACTTGGCGGTGCTTTAGACCCAC	Eukaryota;Chordata;Actinopteri;Myctophiformes;Myctophidae;Diaphus;Diaphus dumerilii	Eukaryota;Chordata;Actinopteri;Myctophiformes;Myctophidae;Diaphus;Diaphus dumerilii	Eukaryota	Chordata	Actinopteri	Myctophiformes	Myctophidae	Diaphus	Diaphus dumerilii	0.9999789997752921
f95107ba4bf952c5c7bb22ccaa5699ec	ACTATGCTTAGCCCTAAACATAGAATAACCTTTACTTAATATACTCCGCCCGGGTATTACGAGCATCAGCTTAAAACCCAAAGGACTTGGCGGTGCTTTACACCCAC	Eukaryota;Chordata;Actinopteri;Pleuronectiformes;Cyclopsettidae;Citharichthys;Citharichthys cornutus	Eukaryota;Chordata;Actinopteri;Pleuronectiformes;Cyclopsettidae;Citharichthys;Citharichthys cornutus	Eukaryota	Chordata	Actinopteri	Pleuronectiformes	Cyclopsettidae	Citharichthys	Citharichthys cornutus	0.9999930580232738
72b6f9778a3190370778ac5e3141f271	ACTATGCTCAGCCGTAAACTTAGATATGATTTTACAACAAATATCCGCCCGGGGACTACGAGCATCAGCTTAAAACCCAAAGGACTTGGCGGTGCTTCAGACCCTC	Eukaryota;Chordata;Actinopteri;Clupeiformes;Dussumieriidae;Etrumeus;Etrumeus teres	Eukaryota;Chordata;Actinopteri;Clupeiformes;Dussumieriidae;Etrumeus;Etrumeus teres	Eukaryota	Chordata	Actinopteri	Clupeiformes	Dussumieriidae	Etrumeus	Etrumeus teres	0.9989099262905352
1d9ad5941b4b4ca31e4d3627f5ff75e9	ACTATGCTTAGCCATAAACATAGATGTTAAGATACAAATAACATCCGCCAGGGTACTACAAGCGCAGCTTAAAACCCAAAGGACTTGGCGGTATTTCAGACCCAC	Eukaryota;Chordata;Actinopteri;Stomiiformes;Sternoptychidae;Polyipnus;Polyipnus asteroides	Eukaryota;Chordata;Actinopteri;Stomiiformes;Sternoptychidae;Polyipnus;Polyipnus asteroides	Eukaryota	Chordata	Actinopteri	Stomiiformes	Sternoptychidae	Polyipnus	Polyipnus asteroides	0.999981878
1b00bc1c2be1c947702c05cd95485b8f	ATTATGCTTAGCCGTAAACATCGACAGCATTTTATACCCGCTGTCCGCCCGGGGACTACGAGCAACAGCTTAAAACCCAAAGGACTTGGCGGTGCTTTAGTCCCAC	Eukaryota;Chordata;Actinopteri;NA;Malacanthidae;Lopholatilus;Lopholatilus chamaeleonticeps	Eukaryota;Chordata;Actinopteri;NA;Malacanthidae;Lopholatilus;Lopholatilus chamaeleonticeps	Eukaryota	Chordata	Actinopteri	NA	Malacanthidae	Lopholatilus	Lopholatilus chamaeleonticeps	0.9999999855424094
b1d1112272c36b103f7beb544d8f37c8	ACTATGCCTAGCCCTAAACATAAACAGCACCCTACCCCACCATTCGCCAGGGAACTACGAGCCCCAGCTTAAAACCCAAAGGACTTGGCGGTGCTTTAGACCCC	Eukaryota;Chordata;Actinopteri;Gobiiformes;Gobiidae;Glossogobius;Glossogobius giuris	Eukaryota;Chordata;Actinopteri;Gobiiformes;Gobiidae;Glossogobius;Glossogobius giuris	Eukaryota	Chordata	Actinopteri	Gobiiformes	Gobiidae	Glossogobius	Glossogobius giuris	0.7267460598805481
8b9bc921bb1ab57a27c2f6cd872751dd	ACTATGCCTAGCCGTAAACATTGGTAGAAACCCTACAAATTCTACCCGCCCGGGTACTACAAGCATTAGCTTAAAACCCAAAGGACTTGGCGGTGCTTTAGACCCAC	Eukaryota;Chordata;Actinopteri;Myctophiformes;Myctophidae;Diaphus	Eukaryota;Chordata;Actinopteri;Myctophiformes;Myctophidae;Diaphus	Eukaryota	Chordata	Actinopteri	Myctophiformes	Myctophidae	Diaphus		0.9613523234219881
088fe13fa02373ceebeefea46a158220	ACTATGCCTAGCCGTAAACATTGATAGAATTTTACACCCTCTATCCGCCTGGGTACTACGAGCATTAGCTTGAAACCCAAAGGACTTGGCGGTACTTTAGATCCCC	Eukaryota;Chordata;Actinopteri;Scombriformes;Scombridae;Thunnus	Eukaryota;Chordata;Actinopteri;Scombriformes;Scombridae;Thunnus	Eukaryota	Chordata	Actinopteri	Scombriformes	Scombridae	Thunnus		0.8193565876019723
76975f461a040dc95850d8684e0b50d0	ACTATGCTTTGCCCTAAACATAGATAGTACGCCACAACAACTATCCGCCCGGGGATTACGAGCACGAGCTTAAAACCCAAAGGACTTGGCGGTGCTTTAGACCCAC	Eukaryota;Chordata;Actinopteri;Perciformes;Serranidae;Bathyanthias;Bathyanthias cubensis	Eukaryota;Chordata;Actinopteri;Perciformes;Serranidae;Bathyanthias;Bathyanthias cubensis	Eukaryota	Chordata	Actinopteri	Perciformes	Serranidae	Bathyanthias	Bathyanthias cubensis	0.9999838905855953
d00784146917dcb6e26430e33758c199	ACTATGCCTAGCCCTAAACATTGGCAGTACACTACACACCCTGCCCGCCCGGGAACTACGAGCACCAGCTTAAAACCCAAAGGACTTGGCGGTGCTTTAGACCCCC	Eukaryota;Chordata;Actinopteri;Perciformes;Scorpaenidae;Pontinus;Pontinus longispinis	Eukaryota;Chordata;Actinopteri;Perciformes;Scorpaenidae;Pontinus;Pontinus longispinis	Eukaryota	Chordata	Actinopteri	Perciformes	Scorpaenidae	Pontinus	Pontinus longispinis	0.936681042
8274a5c940c0105f8a497fc05fb8abfe	ACTATGCCTAATCATAAACCATGATGGCAAGGTACAACTGCCATCCGCCAGGGCACTACGAGCGCCAGCTTAAAACCCAAAGGACTTGGCGGTACTTCAAACCCAC	Eukaryota;Chordata;Actinopteri;Stomiiformes;Phosichthyidae;Vinciguerria	Eukaryota;Chordata;Actinopteri;Stomiiformes;Phosichthyidae;Vinciguerria	Eukaryota	Chordata	Actinopteri	Stomiiformes	Phosichthyidae	Vinciguerria		0.9996457090045683
e7f90ff8c7b97da66ce6d940d857e8e4	ACTATGCTTAGCCTTAAACATTGATTATTTATTACATCAAACATCCGCCCGGGAATTACGAACATTAGTTTAAAACCCAAAGGACTTGGCGGTGCTTAACATCCAC	Eukaryota;Chordata;Actinopteri;Carangiformes;Carangidae	Eukaryota;Chordata;Actinopteri;Carangiformes;Carangidae	Eukaryota	Chordata	Actinopteri	Carangiformes	Carangidae			0.9998306102067591
6718a5ef50f0a40f50395a8e67a6e1fb	ACTATGCCTAATTGTAAACAACGATGGCAACATACAAACACCATCCGCCAGGGAACTACGAGCATTAGCTTAAAACCCAAAGGACTTGGCGGTGCCTCAAACCCAC	Eukaryota;Chordata;Actinopteri;Anguilliformes;Congridae;Rhynchoconger;Rhynchoconger flavus	Eukaryota;Chordata;Actinopteri;Anguilliformes;Congridae;Rhynchoconger;Rhynchoconger flavus	Eukaryota	Chordata	Actinopteri	Anguilliformes	Congridae	Rhynchoconger	Rhynchoconger flavus	0.9691230834654266
3e5075d2c93ddf9ceef445bed812dd06	ACTATGCTTAGCCGTAAACCCTGATGTTCTCACACAACTTCATCCGCCAGGGGACTACAAGCACTAGCTTAAAACCCAAAGGACTTGGCGGTACTTCAACCCCC	Eukaryota;Chordata;Actinopteri;Stomiiformes;Gonostomatidae;Sigmops	Eukaryota;Chordata;Actinopteri;Stomiiformes;Gonostomatidae;Sigmops	Eukaryota	Chordata	Actinopteri	Stomiiformes	Gonostomatidae	Sigmops		0.9996983260076773
05c7a5158fc46a06b55c2d40f640ec75	ACTATGTATGGCTGTTAACATCGAGGGCCCGATACTCAGACCCTCCGCCTGGGGACTACAAGCACTAGCTTAAAACCCAAAGGACTTGGCGGTGCTTTACCCCCCA	Eukaryota;Chordata;Actinopteri;Gadiformes;Merlucciidae;Merluccius;Merluccius albidus	Eukaryota;Chordata;Actinopteri;Gadiformes;Merlucciidae;Merluccius;Merluccius albidus	Eukaryota	Chordata	Actinopteri	Gadiformes	Merlucciidae	Merluccius	Merluccius albidus	0.8208434699530343
88af4afd540d8b1241bbf5bd1e2be55d	ATTATGCTTAACTATAAACACTGATGTGACATAACCACATCCGCCAGGAAACTACGAGCAAAGCTTGAAACTCAAAGGACTTGGCGGTATCTCAGACCCTC	Eukaryota;Chordata;Actinopteri;Stomiiformes;Sternoptychidae;Maurolicus;Maurolicus weitzmani	Eukaryota;Chordata;Actinopteri;Stomiiformes;Sternoptychidae;Maurolicus;Maurolicus weitzmani	Eukaryota	Chordata	Actinopteri	Stomiiformes	Sternoptychidae	Maurolicus	Maurolicus weitzmani	0.999999999
14fd2b7d0e9d862490851cf535afcf5f	ACTATGTATGGCCGTTAAAACTGATGGTACTTCACTCGAACCATCCGCCCGGGAACTACGAGCCCCAGCTTAAAACCCAAAGGACCTGGCGGTGCTTTAGACCCCC	Eukaryota;Chordata;Actinopteri;Gadiformes;Macrouridae;Coelorinchus;Coelorinchus caribbaeus	Eukaryota;Chordata;Actinopteri;Gadiformes;Macrouridae;Coelorinchus;Coelorinchus caribbaeus	Eukaryota	Chordata	Actinopteri	Gadiformes	Macrouridae	Coelorinchus	Coelorinchus caribbaeus	0.9066040285979152
92693323f831e69117617606814ae81f	ACTATGCTTAGCCCTAAACATTGACTGTTTATTACATAAACATCCGCCTGGGAACTACGAACATTAGTTTAAAACCCAAAGGACTTGGCGGTGCTTAATATCCAC	Eukaryota;Chordata;Actinopteri;Carangiformes;Coryphaenidae;Coryphaena;Coryphaena hippurus	Eukaryota;Chordata;Actinopteri;Carangiformes;Coryphaenidae;Coryphaena;Coryphaena hippurus	Eukaryota	Chordata	Actinopteri	Carangiformes	Coryphaenidae	Coryphaena	Coryphaena hippurus	0.9999181191632615
6633cf9a39c09fe169bbe7a614d1e666	ACTATGCTTAGCCCTAAACAATGATTACACCTACACTCAAACTCCGCCTGGATATTACGAGCGTTTAGCTTAAAACCCAAAGGACTTGGCGGTGCTTTAAACCCCC	Eukaryota;Chordata;Actinopteri;Tetraodontiformes;Tetraodontidae;Lagocephalus;Lagocephalus laevigatus	Eukaryota;Chordata;Actinopteri;Tetraodontiformes;Tetraodontidae;Lagocephalus;Lagocephalus laevigatus	Eukaryota	Chordata	Actinopteri	Tetraodontiformes	Tetraodontidae	Lagocephalus	Lagocephalus laevigatus	0.9999998255490407
25fc3b356848470a59a39eb4867f395e	ACTATGTATAGCCTTAAACCTTGATAGAATAACACAACCCCTATCCGCCCGGGAACTACGAGCACCAGCTTAAAACCCAAAGGACTTGGCGGTGCTTTAGACCCCC	Eukaryota;Chordata;Actinopteri;Polymixiiformes;Polymixiidae;Polymixia;Polymixia lowei	Eukaryota;Chordata;Actinopteri;Polymixiiformes;Polymixiidae;Polymixia;Polymixia lowei	Eukaryota	Chordata	Actinopteri	Polymixiiformes	Polymixiidae	Polymixia	Polymixia lowei	0.9149853353612606
a03c9ac910eb4ecfb8c000676b203e5d	ACTATGCTTAGCCCTAAACATCGATTATTAATTACACCCAATATCCGCCCGGGAATTACGAGCATCAGTTTAAAACCCAAAGGACTTGGCGGTGCTTAACATCCAC	Eukaryota;Chordata;Actinopteri;Istiophoriformes;Xiphiidae;Xiphias;Xiphias gladius	Eukaryota;Chordata;Actinopteri;Istiophoriformes;Xiphiidae;Xiphias;Xiphias gladius	Eukaryota	Chordata	Actinopteri	Istiophoriformes	Xiphiidae	Xiphias	Xiphias gladius	0.9985217084044767
7a101658aa49ead88421d4b1875a40a2	ACTATGCTTAGCCGTAAACTTAGAGCGCCCCTACTTCACCGCTCCGCCCGGGTATTACGAACTTAAGTTTAAAACCCAAAGGACTTGACGGTGCTTTATATCCAC	Eukaryota;Chordata;Actinopteri;Pleuronectiformes;Cyclopsettidae;Syacium;Syacium papillosum	Eukaryota;Chordata;Actinopteri;Pleuronectiformes;Cyclopsettidae;Syacium;Syacium papillosum	Eukaryota	Chordata	Actinopteri	Pleuronectiformes	Cyclopsettidae	Syacium	Syacium papillosum	0.9628769369418425
0df37a1b74088f0e7410a1b78cada881	ACTATGCCTAGCCGTAAACTTTAATGCTAATGTACAACTAGCATCCGCCAGGGAACTACGAGCACCAGCTTAAAACCCAAAGGACTTGGCGGTGCCTCAGACCCCC	Eukaryota;Chordata;Actinopteri;Clupeiformes;Engraulidae;Engraulis;Engraulis eurystole	Eukaryota;Chordata;Actinopteri;Clupeiformes;Engraulidae;Engraulis;Engraulis eurystole	Eukaryota	Chordata	Actinopteri	Clupeiformes	Engraulidae	Engraulis	Engraulis eurystole	0.9207445463620064
bae49dfe40cd2cea7f95cf69076002f3	ACTATGCTTAGCCCTAAACAATGATACTTATATACACCCACCATCCGCCCGGGTACTACGAGCATTAGCTTAAAACCCAAAGGACTTGGCGGTGCTTTAAAACCAT	Eukaryota;Chordata;Actinopteri;Tetraodontiformes;Tetraodontidae;Sphoeroides;Sphoeroides dorsalis	Eukaryota;Chordata;Actinopteri;Tetraodontiformes;Tetraodontidae;Sphoeroides;Sphoeroides dorsalis	Eukaryota	Chordata	Actinopteri	Tetraodontiformes	Tetraodontidae	Sphoeroides	Sphoeroides dorsalis	0.9842173988554246
af5972e637365558d36954fcb5ceac7e	ACTATGCCCCGCCGTAAACTTAGATGTCAGACTACAATAGACATCCGCCTGGGGACTACGAGCGCCAGCTTAAAACCCAAAGGACTTGGCGGTGCTTCAGACCCCC	Eukaryota;Chordata;Actinopteri;Clupeiformes;Clupeidae;Harengula	Eukaryota;Chordata;Actinopteri;Clupeiformes;Clupeidae;Harengula	Eukaryota	Chordata	Actinopteri	Clupeiformes	Clupeidae	Harengula		0.9996778709470455
0f4119bdb289037b21f335ea6631b51d	ACTATGCCTAGCCATAAACATTGATAGCTAACTACACCCACTATCCGCCCGGGGACTACGAGCATCAGCTTGAAACCCAAAGGACTTGGCGGTGCTTTAGATCCAC	Eukaryota;Chordata;Actinopteri;Lutjaniformes;Lutjanidae;Lutjanus;Lutjanus campechanus	Eukaryota;Chordata;Actinopteri;Lutjaniformes;Lutjanidae;Lutjanus;Lutjanus campechanus	Eukaryota	Chordata	Actinopteri	Lutjaniformes	Lutjanidae	Lutjanus	Lutjanus campechanus	0.9750803185065471
8961e2d14d8b0510763256de80a000a2	ACTATGCCCCGCCGTAAACTTAGATATTCCAGTACAACAAATATCCGCCAGGGGACTACGAGCGCCAGCTTAAAACCCAAAGGACTTGGCGGTGCTTCAGACCCCC	Eukaryota;Chordata;Actinopteri;Clupeiformes;Clupeidae;Alosa	Eukaryota;Chordata;Actinopteri;Clupeiformes;Clupeidae;Alosa	Eukaryota	Chordata	Actinopteri	Clupeiformes	Clupeidae	Alosa		0.9214898785259913
71e6056a57e47b60dd5761bbb7128e57	ACTATGCCTAGCCCTAAACATTGATAGTACCCTACACCCACTATCCGCCTGGGAACTACGAGCATCAGCTTGAAACCCAAAGGACTTGGCGGTGCTTTAGATCCAC	Eukaryota;Chordata;Actinopteri;Perciformes;Peristediidae;Peristedion;Peristedion miniatum	Eukaryota;Chordata;Actinopteri;Perciformes;Peristediidae;Peristedion;Peristedion miniatum	Eukaryota	Chordata	Actinopteri	Perciformes	Peristediidae	Peristedion	Peristedion miniatum	0.9389869252167808
3d11d4e65502731003f7b564cf58a4d3	ATTATGCTTAATCGTAAACAATGATGAAATCTTACAAGCACCATCCGCCAGGGGACTACGAGCATTAGCTTAAAACCCAAAGGACTTGGCGGTGCCTCACACCCAC	Eukaryota;Chordata;Actinopteri;Anguilliformes	Eukaryota;Chordata;Actinopteri;Anguilliformes	Eukaryota	Chordata	Actinopteri	Anguilliformes				0.9948844022728702
b705c6bbf8ee5676361026a0b6bcdce6	ATTATGCTTAATCGTAAACAACGATGGCACATTACAAAACCATCCGCCAGGGGACTACGAGCACTAGCTTAAAACCCAAAGGACTTGGCGGTGCCTCAAACCCAC	Eukaryota;Chordata;Actinopteri;Anguilliformes;Congridae;Paraconger;Paraconger caudilimbatus	Eukaryota;Chordata;Actinopteri;Anguilliformes;Congridae;Paraconger;Paraconger caudilimbatus	Eukaryota	Chordata	Actinopteri	Anguilliformes	Congridae	Paraconger	Paraconger caudilimbatus	0.9986107155784891
391932cd6e322bd926c295b2f2ade4a4	ACTATGCCTAGCCCTAAATATTGATAGAACACTACGCTCACTATCCGCCAGGGTACTACGAGTAACAACTTAAAACCCAAAGGACTTGGCGGTGCTTTAGACCCAC	Eukaryota;Chordata;Actinopteri;Perciformes;Serranidae;Baldwinella;Baldwinella aureorubens	Eukaryota;Chordata;Actinopteri;Perciformes;Serranidae;Baldwinella;Baldwinella aureorubens	Eukaryota	Chordata	Actinopteri	Perciformes	Serranidae	Baldwinella	Baldwinella aureorubens	0.9999662623391969
33efbea1afd7586b8ac6d70b01f39cbe	ACTATGCCTAGCCTTAAACATCGATGGCCACTTACTTAAACCATCCGCCAGGGAACTACGAGCATTAGCTTAAAACCCAAAGGACTTGGCGGTGCTTTAGATCCAC	Eukaryota;Chordata;Actinopteri;Tetraodontiformes;Balistidae;Balistes;Balistes capriscus	Eukaryota;Chordata;Actinopteri;Tetraodontiformes;Balistidae;Balistes;Balistes capriscus	Eukaryota	Chordata	Actinopteri	Tetraodontiformes	Balistidae	Balistes	Balistes capriscus	0.9534384446632433
1152b8e0093caafd4c324b0991dd0fdc	ACTATGCCTGGCCATAAACCTCGATTTTGATACATACACACATTATCCGCCAGGGTACTACGAGCGCTAGCTTAAAACCCAAAGGACTTGGCGGTGTTTCAGATCCAC	Eukaryota;Chordata;Actinopteri;Aulopiformes;Chlorophthalmidae;Chlorophthalmus;Chlorophthalmus agassizi	Eukaryota;Chordata;Actinopteri;Aulopiformes;Chlorophthalmidae;Chlorophthalmus;Chlorophthalmus agassizi	Eukaryota	Chordata	Actinopteri	Aulopiformes	Chlorophthalmidae	Chlorophthalmus	Chlorophthalmus agassizi	0.7577370376690699
434385c712677c9a3f9731d47714bb2b	ACTATGCTTAGCCGTAAACGCAGGTGTGAGTAATACCCCCCTACTCGCCAGGGAACTACTAGCGGCAGCTTAAAACCCAAAGGACTTGGCGGCGCTTTAGACCCAC	Eukaryota;Chordata;Actinopteri;Ophidiiformes;Carapidae;Carapus;Carapus bermudensis	Eukaryota;Chordata;Actinopteri;Ophidiiformes;Carapidae;Carapus;Carapus bermudensis	Eukaryota	Chordata	Actinopteri	Ophidiiformes	Carapidae	Carapus	Carapus bermudensis	0.9987121471044081
5ae62f9b1b90cd39541ee515bbf3f7e0	ACTATGCATAGCCATAAACCTTGATAGCAGCTTACATTAGCTATCCGCCCGGGTACTACGAGCACTAGCTTAAAACCCAAAGGACTTGGCGGTGCCTCAGACCCAC	Eukaryota;Chordata;Actinopteri;Aulopiformes;Scopelarchidae;Scopelarchus;Scopelarchus analis	Eukaryota;Chordata;Actinopteri;Aulopiformes;Scopelarchidae;Scopelarchus;Scopelarchus analis	Eukaryota	Chordata	Actinopteri	Aulopiformes	Scopelarchidae	Scopelarchus	Scopelarchus analis	0.9895257203939537
a15340d05f02f8c5ad3e0106b7bff588	ACTATGCCTAGCCGTAAACATTGATGGAAGTACTACACACTCCATCCGCCCGGGTACTACAAGCATTAGCTTGAAACCCAAAGGACTTGGCGGTGCTTTAGACCCAC	Eukaryota;Chordata;Actinopteri;Myctophiformes;Myctophidae;Diaphus;Diaphus dumerilii	Eukaryota;Chordata;Actinopteri;Myctophiformes;Myctophidae;Diaphus;Diaphus dumerilii	Eukaryota	Chordata	Actinopteri	Myctophiformes	Myctophidae	Diaphus	Diaphus dumerilii	0.999809571
435226fa22b1fce806b14bcae0b64033	ACTATGCTCAGCCGTAAACTTAGATAAAACTTTACATAACTTATCCGCCAGGGTACTACGAGCATTAGCTTGAAACCCAAAGGACTTGGCGGTGCTTCAAACCCAC	Eukaryota;Chordata;Actinopteri;Beloniformes;Exocoetidae;Cheilopogon	Eukaryota;Chordata;Actinopteri;Beloniformes;Exocoetidae;Cheilopogon	Eukaryota	Chordata	Actinopteri	Beloniformes	Exocoetidae	Cheilopogon		0.8085801570552379
8a24db46ca2e77766fea177145324672	ACTATGCTTAGCCCTAAACATCGATTGTAAAATACACTCAAAATCCGCCCGGGAATTACGAACATTAGTTTAAAACCCAAAGGACTTGGCGGTGCTTAACATCCAC	Eukaryota;Chordata;Actinopteri;Pleuronectiformes;Paralichthyidae;Hippoglossina;Hippoglossina oblonga	Eukaryota;Chordata;Actinopteri;Pleuronectiformes;Paralichthyidae;Hippoglossina;Hippoglossina oblonga	Eukaryota	Chordata	Actinopteri	Pleuronectiformes	Paralichthyidae	Hippoglossina	Hippoglossina oblonga	0.9960807896365631
d28a7a630839fe6e00cb7e946212f7da	ACTATGCCTAACCGTAAACATTGATGGAAGTACTACACACTCCATCCGCCCGGGTACTACGAGCATTAGCTTGAAACCCAAAGGACTTGGCGGTGCTTTAGACCCAC	Eukaryota;Chordata;Actinopteri;Myctophiformes;Myctophidae;Diaphus;Diaphus dumerilii	Eukaryota;Chordata;Actinopteri;Myctophiformes;Myctophidae;Diaphus;Diaphus dumerilii	Eukaryota	Chordata	Actinopteri	Myctophiformes	Myctophidae	Diaphus	Diaphus dumerilii	0.99994543
4d4ebc359d121763ce3b47beefc0468b	ATTATGCCTAGCCGTAAACATTGATAGAATAATACGACCTCTATCCGCCCGGGAACTACGAGCGCTAGCTTAAAACCCAAAGGACTTGGCGGTGCTTCAGACCCCC	Eukaryota;Chordata;Actinopteri;Aulopiformes;Synodontidae;Saurida;Saurida normani	Eukaryota;Chordata;Actinopteri;Aulopiformes;Synodontidae;Saurida;Saurida normani	Eukaryota	Chordata	Actinopteri	Aulopiformes	Synodontidae	Saurida	Saurida normani	0.9999831790264488
7c7ad5cb838aa2d2dca370af14fdfae8	ATTATGCTTAACTATAAACACTGATGTGACATGACCACATCCGCCAGGAAACTACGAGCAAAGCTTGAAACCCAAAGGACTTGGCGGTATCTCAGACCCTC	Eukaryota;Chordata;Actinopteri;Stomiiformes;Sternoptychidae;Maurolicus;Maurolicus weitzmani	Eukaryota;Chordata;Actinopteri;Stomiiformes;Sternoptychidae;Maurolicus;Maurolicus weitzmani	Eukaryota	Chordata	Actinopteri	Stomiiformes	Sternoptychidae	Maurolicus	Maurolicus weitzmani	0.9999999820596629
b98d245c042075fa94c4a01ffd4f9db8	ACTATGCTTAGCCGTAAACATTGATAGAGATTTACACCTTCTATCCGCCTGGGAACTACGAGCATTAGCTTAAAACCCAAAGGACTTGGCGGTACTTTAGATCCCC	Eukaryota;Chordata;Actinopteri;Scombriformes;Stromateidae;Peprilus;Peprilus burti	Eukaryota;Chordata;Actinopteri;Scombriformes;Stromateidae;Peprilus;Peprilus burti	Eukaryota	Chordata	Actinopteri	Scombriformes	Stromateidae	Peprilus	Peprilus burti	0.9961636698823719
aee9c947e84ca5a60129bc83edd5ee39	ACTATGCCTAGCCATAAACCTAGATAAAGACTTACACCCATTATCCGCCCGGGAACTACGAGCACCAGCTTCAAACCCAAAGGACTTGGCGGTGCTTTAGACCCAC	Eukaryota;Chordata;Actinopteri;Aulopiformes;Paralepididae;Stemonosudis;Stemonosudis rothschildi	Eukaryota;Chordata;Actinopteri;Aulopiformes;Paralepididae;Stemonosudis;Stemonosudis rothschildi	Eukaryota	Chordata	Actinopteri	Aulopiformes	Paralepididae	Stemonosudis	Stemonosudis rothschildi	0.8600453393703359
7426e8c87e1cd957fc55ffed4bdc86c1	CCTATGCCTAGCCGTAAACATAGATAGAAAACTACACCCCCTATCCGCCCGGGAACTACAAGCATTAGCTTGAAACCCAAAGGACTTGGCGGTGCTTTAGATCCCC	Eukaryota;Chordata;Actinopteri;Perciformes;Bembropidae;Bembrops;Bembrops anatirostris	Eukaryota;Chordata;Actinopteri;Perciformes;Bembropidae;Bembrops;Bembrops anatirostris	Eukaryota	Chordata	Actinopteri	Perciformes	Bembropidae	Bembrops	Bembrops anatirostris	0.9999898298717184
65c0001b3454bb3ba9bb385585fee223	ACTATGCTTAATAGTAAACAAAGATGGTAAAACTACAAAAACCGTCCGCCAGGGAACTACGAGCATCAGCTTAAAACCCAAAGGACCTGGCGGTGCCTCACACCCAC	Eukaryota;Chordata;Actinopteri;Anguilliformes;Congridae;Uroconger;Uroconger syringinus	Eukaryota;Chordata;Actinopteri;Anguilliformes;Congridae;Uroconger;Uroconger syringinus	Eukaryota	Chordata	Actinopteri	Anguilliformes	Congridae	Uroconger	Uroconger syringinus	0.9999995745653559
ee51445f1a69d796079f9a10b5cd9012	ACTATGCTTAGCCCTGAACATTGATTGTTTATTACACCAAACATCCGCCTGGGTATTACGAACACCAGTTTAAAACCCAAAGGACTTGGCGGTGCTTAACATCCAC	Eukaryota;Chordata;Actinopteri;Carangiformes;Carangidae;Seriola	Eukaryota;Chordata;Actinopteri;Carangiformes;Carangidae;Seriola	Eukaryota	Chordata	Actinopteri	Carangiformes	Carangidae	Seriola		0.999157892
9a7d63d07dfcb249ae41bee4b2f4624d	ACTATGCCTAGCCGTAAACATTGATGGAAGTACTACACACTGCATCCGCCCGGGTACTACGAGCATTAGCTTGAAACCCAAAGGACTTGGCGGTGCTTTAGACCCAC	Eukaryota;Chordata;Actinopteri;Myctophiformes;Myctophidae;Diaphus;Diaphus dumerilii	Eukaryota;Chordata;Actinopteri;Myctophiformes;Myctophidae;Diaphus;Diaphus dumerilii	Eukaryota	Chordata	Actinopteri	Myctophiformes	Myctophidae	Diaphus	Diaphus dumerilii	0.9995680396604291
aa494792d8f5c457cfe9b4fe897a7bba	ACTATGCCTAGCCCTAAACATTGACAGTAAATTCACCAACTGTTCGCCCGGGAACTACGAGCACCAGCTTAAAACCCAAAGGACTTGGCGGTGCTTTAGACCCAC	Eukaryota;Chordata;Actinopteri;Tetraodontiformes;Diodontidae;Chilomycterus;Chilomycterus schoepfii	Eukaryota;Chordata;Actinopteri;Tetraodontiformes;Diodontidae;Chilomycterus;Chilomycterus schoepfii	Eukaryota	Chordata	Actinopteri	Tetraodontiformes	Diodontidae	Chilomycterus	Chilomycterus schoepfii	0.8328563023567751
5c18950cb35c3bcb96e31ee783fe5910	ATTATGCTTAACTATAAACACTGATGTGACATAACCACATCCGCCAGGAAACTACGAGCAAAGCTTGAAACCCAAAGGACTTGGCAGTATCTCAGACCCTC	Eukaryota;Chordata;Actinopteri;Stomiiformes;Sternoptychidae;Maurolicus;Maurolicus weitzmani	Eukaryota;Chordata;Actinopteri;Stomiiformes;Sternoptychidae;Maurolicus;Maurolicus weitzmani	Eukaryota	Chordata	Actinopteri	Stomiiformes	Sternoptychidae	Maurolicus	Maurolicus weitzmani	0.9999999957335035
98a7c6e0eae9782c629256bdd858e07c	ATTATGCTTAACTATAAACACTGATGTGACATAGCCACATCCGCCAGGAAACTACGAGCAAAGCTTGAAACCCAAAGGACTTGGCGGTATCTCAGACCCTC	Eukaryota;Chordata;Actinopteri;Stomiiformes;Sternoptychidae;Maurolicus;Maurolicus weitzmani	Eukaryota;Chordata;Actinopteri;Stomiiformes;Sternoptychidae;Maurolicus;Maurolicus weitzmani	Eukaryota	Chordata	Actinopteri	Stomiiformes	Sternoptychidae	Maurolicus	Maurolicus weitzmani	0.9999999820535096
6a298fd7730636f962caf32eecb94ad1	ACTATGCTTAGTCGTAAACTTAAATAGTCCCAAAACAAGACTATTCGCCAGAGTACTATCGGCAACAGCCCAAAACTCAAAGGACTTGGCGGTGCTTCATATCCTT	Eukaryota;Chordata;Mammalia;Artiodactyla;Delphinidae;Steno;Steno bredanensis	Eukaryota;Chordata;Mammalia;Artiodactyla;Delphinidae;Steno;Steno bredanensis	Eukaryota	Chordata	Mammalia	Artiodactyla	Delphinidae	Steno	Steno bredanensis	0.9998215244518739
56b3ed391f9fb44383aae38aafcd15f1	ACTATGCTTAGCCCTAAACATTGGTAGCACACTACACCCGCTACCCGCCCGGGTACTACGAGCATTAGCTTGAAACCCAAAGGACTTGGCGGTGCTTTAGACCCCC	Eukaryota;Chordata;Actinopteri;Perciformes;Serranidae;Serranus;Serranus atrobranchus	Eukaryota;Chordata;Actinopteri;Perciformes;Serranidae;Serranus;Serranus atrobranchus	Eukaryota	Chordata	Actinopteri	Perciformes	Serranidae	Serranus	Serranus atrobranchus	0.9730188978715967
a8b1a829c793933df444a6b96d1f4d99	ACTATGCCTAGCCGTAAACATTGATGGATATACTACACACTCCATCCGCCCGGGTACTACGAGCATTAGCTTGAAACCCAAAGGACTTGGCGGTGCTTTAGACCCAC	Eukaryota;Chordata;Actinopteri;Myctophiformes;Myctophidae;Diaphus;Diaphus dumerilii	Eukaryota;Chordata;Actinopteri;Myctophiformes;Myctophidae;Diaphus;Diaphus dumerilii	Eukaryota	Chordata	Actinopteri	Myctophiformes	Myctophidae	Diaphus	Diaphus dumerilii	0.9999738074653609
d414c4b8a602e116586ee2fb474b1893	ACTATGCCTAGCCTTAAACAATGATAAGTATATACACACATATCCGCCCGGGAACTACGAGCTCTGCTTGAAACCCAAAGGACTTGGCGGTGCTTTAGACCCAC	Eukaryota;Chordata;Actinopteri;Lophiiformes;Ogcocephalidae;Zalieutes;Zalieutes mcgintyi	Eukaryota;Chordata;Actinopteri;Lophiiformes;Ogcocephalidae;Zalieutes;Zalieutes mcgintyi	Eukaryota	Chordata	Actinopteri	Lophiiformes	Ogcocephalidae	Zalieutes	Zalieutes mcgintyi	0.9628776571359713
a6bde92844087e03943113ee433497f5	ACTATGCATAGCCATAAACATTGATAAGATCGTACACCCCTTATCCGCCTGGGAACTACGGGCACTAGCCTAAAACCCAAAGGACTTGGCGGTTCTTTAGCCCCCC	Eukaryota;Chordata;Actinopteri;Scombriformes;Gempylidae;Diplospinus;Diplospinus multistriatus	Eukaryota;Chordata;Actinopteri;Scombriformes;Gempylidae;Diplospinus;Diplospinus multistriatus	Eukaryota	Chordata	Actinopteri	Scombriformes	Gempylidae	Diplospinus	Diplospinus multistriatus	0.9999733306216219
09209c6d6a6624cb9ca0e5d2c1295057	ATTATGCTTTGCCCTAAACATTGATAGTTTTATACAACCACTATCCGCCTGGGAACTACGAGCAATAGCTTAAAACCCAAAGGACTTGGCGGTGCTTTAAACCCAC	Eukaryota;Chordata;Actinopteri;Perciformes;Serranidae;Epinephelus;Epinephelus flavolimbatus	Eukaryota;Chordata;Actinopteri;Perciformes;Serranidae;Epinephelus;Epinephelus flavolimbatus	Eukaryota	Chordata	Actinopteri	Perciformes	Serranidae	Epinephelus	Epinephelus flavolimbatus	0.9147589938800686
9a1d4f0309939d977e70cc87e9748db8	ACTATGCCTAGCCGTAAACATTGATAGAACTATACACCCTCTATCCGCCTGGGTACTACGAGCATTAGCTTAAAACCCAAAGGACTTGGCGGTACTTTAGATCCCC	Eukaryota;Chordata;Actinopteri;Scombriformes;Scombridae;Scomberomorus;Scomberomorus cavalla	Eukaryota;Chordata;Actinopteri;Scombriformes;Scombridae;Scomberomorus;Scomberomorus cavalla	Eukaryota	Chordata	Actinopteri	Scombriformes	Scombridae	Scomberomorus	Scomberomorus cavalla	0.9981149486543275
16d6539c8cbb0437152524b4509bc0b6	ACTATGTGTGGTCCTCAACATCGATAATTATTGTACTTAAATTATCCGCCTGGGAACTACGAGCATTAGCTTAAAACCCAAAGGACTTGGCGGTGCTTTAGACCCCC	Eukaryota;Chordata;Actinopteri;Gadiformes;Phycidae;Urophycis;Urophycis floridana	Eukaryota;Chordata;Actinopteri;Gadiformes;Phycidae;Urophycis;Urophycis floridana	Eukaryota	Chordata	Actinopteri	Gadiformes	Phycidae	Urophycis	Urophycis floridana	0.959541451
9454ed4d09b0cb7d9c42a4b12946cb07	ACTATGCCTAGCCGTAAACATTGATGGAAGTTCTACACACTCCATCCGCCCGGGTACTACGAGCATTAGCTTGAAACCCAAAGGACTTGGCGGTGCTTTAGACCCAC	Eukaryota;Chordata;Actinopteri;Myctophiformes;Myctophidae;Diaphus;Diaphus dumerilii	Eukaryota;Chordata;Actinopteri;Myctophiformes;Myctophidae;Diaphus;Diaphus dumerilii	Eukaryota	Chordata	Actinopteri	Myctophiformes	Myctophidae	Diaphus	Diaphus dumerilii	0.9999654500924807
5faa42954d52266eba659419fbbc1ebe	ACTATGCTTAGCCCTAAACATCGATTGTATAATACACTCAACATCCGCCCGGGAATTACAGACATTAGTTTAAAACCCAAAGGACTTGGCGGTGCTTAACATCCAC	Eukaryota;Chordata;Actinopteri;Pleuronectiformes;Paralichthyidae;Paralichthys;Paralichthys squamilentus	Eukaryota;Chordata;Actinopteri;Pleuronectiformes;Paralichthyidae;Paralichthys;Paralichthys squamilentus	Eukaryota	Chordata	Actinopteri	Pleuronectiformes	Paralichthyidae	Paralichthys	Paralichthys squamilentus	0.9935567953707032
e1d1b35895fef7aabeafc4aaa5b1922d	ACTATGCTTAGCCGTAAACATTGATACAACCCTACCCCACCATCCGCCCGGGAACTACGAGCATCAGCTTGAAACCCAAAGGACTTGGCGGTGCTTTAGACCCAC	Eukaryota;Chordata;Actinopteri;Syngnathiformes;Centriscidae;Macroramphosus	Eukaryota;Chordata;Actinopteri;Syngnathiformes;Centriscidae;Macroramphosus;NA	Eukaryota	Chordata	Actinopteri	Syngnathiformes	Centriscidae	Macroramphosus		0.9106703820010459
9eff3db88a5c709172c6fa45fba36471	ATTATGCTTAACTATAAACACTGATGTGACATAACCGCATCCGCCAGGAAACTACGAGCAAAGCTTGAAACCCAAAGGACTTGGCGGTATCTCAGACCCTC	Eukaryota;Chordata;Actinopteri;Stomiiformes;Sternoptychidae;Maurolicus;Maurolicus weitzmani	Eukaryota;Chordata;Actinopteri;Stomiiformes;Sternoptychidae;Maurolicus;Maurolicus weitzmani	Eukaryota	Chordata	Actinopteri	Stomiiformes	Sternoptychidae	Maurolicus	Maurolicus weitzmani	0.9999999886512329
53f570d143fdb7ab6b49c53628755671	ACTATGCCTGGCCGTAAACATTAATAGGAGTGACACAACACCTATTCGCCTGGGAACTACAAGCATAAGCTTCAAACCCAAAGGACTTGGCGGTGCTTTAGACCCAC	Eukaryota;Chordata;Actinopteri;Myctophiformes;Myctophidae;Dasyscopelus;Dasyscopelus obtusirostris	Eukaryota;Chordata;Actinopteri;Myctophiformes;Myctophidae;Dasyscopelus;Dasyscopelus obtusirostris	Eukaryota	Chordata	Actinopteri	Myctophiformes	Myctophidae	Dasyscopelus	Dasyscopelus obtusirostris	0.9999999410282587
7c2f5f9f50198bb7043cdcf5cfc08a53	ACTATGCTTAGCTATAAACTTTGATAAAAAAATACAATTTATATCCGCCAGGGGACTACAAGCGCCAGCTTAAAACCCAAAGGACTTGGCGGTGCCCCAGACCCAC	Eukaryota;Chordata;Actinopteri;Argentiniformes;Argentinidae;Argentina;Argentina sialis	Eukaryota;Chordata;Actinopteri;Argentiniformes;Argentinidae;Argentina;Argentina sialis	Eukaryota	Chordata	Actinopteri	Argentiniformes	Argentinidae	Argentina	Argentina sialis	0.9831320538844797
0eac5139f4db81c62bd3bbd6d85b06c2	ACTATGCTTAGCCATAAACATTGATAGAATAACACACCCCCTATCCGCCCGGACACTACGAGCACTAGCTTAAAATCCAAAGGACTTGGCGGTTCATTAGATCCCT	Eukaryota;Chordata;Actinopteri;Scombriformes;Trichiuridae;Benthodesmus;Benthodesmus simonyi	Eukaryota;Chordata;Actinopteri;Scombriformes;Trichiuridae;Benthodesmus;Benthodesmus simonyi	Eukaryota	Chordata	Actinopteri	Scombriformes	Trichiuridae	Benthodesmus	Benthodesmus simonyi	0.9884364806621309
6c18356551ab16b6d523dbdc25d87aea	ACTATGCCCAGTCGTAAACACTAATAGGCTGCCTACGATGCCTATTCGCCAGGGAACTACAAGCGTTAGCTTCAAACCCAAAGGACTTGGCGGTGCTTTAGACCCAC	Eukaryota;Chordata;Actinopteri;Myctophiformes;Myctophidae;Hygophum	Eukaryota;Chordata;Actinopteri;Myctophiformes;Myctophidae;Hygophum	Eukaryota	Chordata	Actinopteri	Myctophiformes	Myctophidae	Hygophum		0.9996930685537601
5ed363b2365af801f4804a92fd826368	ACTATGCCTAGCCGTAAACATTGATGGAAGTACTACACGCTCCATCCGCCCGGGTACTACGAGCATTAGCTTGAAACCCAAAGGACTTGGCGGTGCTTTAGACCCAC	Eukaryota;Chordata;Actinopteri;Myctophiformes;Myctophidae;Diaphus;Diaphus dumerilii	Eukaryota;Chordata;Actinopteri;Myctophiformes;Myctophidae;Diaphus;Diaphus dumerilii	Eukaryota	Chordata	Actinopteri	Myctophiformes	Myctophidae	Diaphus	Diaphus dumerilii	0.999603086
a6fae638d3795eda00674f2da117fb20	ATTATGCCTAACTATAAACCCTGATAATACACTACATATTATCCGCCCGGGTATTACGAGCATAAGCTTAAAACCCAAAGGACTTGGCGGTGCTTTAAACCCCC	Eukaryota;Chordata;Actinopteri;Syngnathiformes;Callionymidae;Synchiropus;Synchiropus goodenbeani	Eukaryota;Chordata;Actinopteri;Syngnathiformes;Callionymidae;Synchiropus;Synchiropus goodenbeani	Eukaryota	Chordata	Actinopteri	Syngnathiformes	Callionymidae	Synchiropus	Synchiropus goodenbeani	0.7149324322861884
ddd44d1e32d6c9c989a8eebc2d45421b	ACTATGCTTAGCTGTAAACATTGATAGAATCCTACACTCTCTATCCGCCTGGGGACTACGAGCATTAGCTTAAAACCCAAAGGACTTGGCGGTACTTTAGATCCCC	Eukaryota;Chordata;Actinopteri;Scombriformes;Nomeidae;Cubiceps;Cubiceps baxteri	Eukaryota;Chordata;Actinopteri;Scombriformes;Nomeidae;Cubiceps;Cubiceps baxteri	Eukaryota	Chordata	Actinopteri	Scombriformes	Nomeidae	Cubiceps	Cubiceps baxteri	0.998162833
397f53255d7d9b114b99c5e77d7a1a99	ATTATGCTTAACTATAAACGCTGATGTGACATAACCACATCCGCCAGGAAACTACGAGCAAAGCTTGAAACCCAAAGGACTTGGCGGTATCTCAGACCCTC	Eukaryota;Chordata;Actinopteri;Stomiiformes;Sternoptychidae;Maurolicus;Maurolicus weitzmani	Eukaryota;Chordata;Actinopteri;Stomiiformes;Sternoptychidae;Maurolicus;Maurolicus weitzmani	Eukaryota	Chordata	Actinopteri	Stomiiformes	Sternoptychidae	Maurolicus	Maurolicus weitzmani	0.9999999984600692
a97278b78f6ec253856dd778efddf6c9	ACTATGCCTAGCCATAAACATCGACAACAAACTACACCTGTTGTCCGCCTGGGAACTACGAGCACTAGCTTAAAACCCAAAGGACTTGGCGGTGCTTTAGACCCCC	Eukaryota;Chordata;Actinopteri;Acanthuriformes;Antigoniidae;Antigonia;Antigonia capros	Eukaryota;Chordata;Actinopteri;Acanthuriformes;Antigoniidae;Antigonia;Antigonia capros	Eukaryota	Chordata	Actinopteri	Acanthuriformes	Antigoniidae	Antigonia	Antigonia capros	0.9881314503987787
aabcf1b68a268f4686b4dd059c8fce9d	ACTATGTTTAGTCACAAACCTTGATGTTAACACGCACACCTAACATCCGCCAGGAAACTACGAGCACTAGCTTGAAACCCAAAGGACTTGACGGTACTTTAAAACCCC	Eukaryota;Chordata;Actinopteri;Stomiiformes;Sternoptychidae;Valenciennellus;Valenciennellus tripunctulatus	Eukaryota;Chordata;Actinopteri;Stomiiformes;Sternoptychidae;Valenciennellus;Valenciennellus tripunctulatus	Eukaryota	Chordata	Actinopteri	Stomiiformes	Sternoptychidae	Valenciennellus	Valenciennellus tripunctulatus	0.9999999987361292
5d44bac88d68813a2a6a24f42025ed76	ACTATGCCCAGCCGTAAACATTGATAGAATTCTACACCCTCTATCCGCCTGGGTACTACGAGCATTAGCTTGAAACCCAAAGGACTTGGCGGTACTTTAGATCCCC	Eukaryota;Chordata;Actinopteri;Scombriformes;Scombridae	Eukaryota;Chordata;Actinopteri;Scombriformes;Scombridae	Eukaryota	Chordata	Actinopteri	Scombriformes	Scombridae			0.9993768964400381
ac00ced4a8d902fb2ca1eb7ffde49192	ATTATGCTTAACTATAAACACTGATGTGACATAACCACATCCGCCAGGAAACTACGAACAAAGCTTGAAACCCAAAGGACTTGGCGGTATCTCAGACCCTC	Eukaryota;Chordata;Actinopteri;Stomiiformes;Sternoptychidae;Maurolicus;Maurolicus weitzmani	Eukaryota;Chordata;Actinopteri;Stomiiformes;Sternoptychidae;Maurolicus;Maurolicus weitzmani	Eukaryota	Chordata	Actinopteri	Stomiiformes	Sternoptychidae	Maurolicus	Maurolicus weitzmani	0.9999999971808577
780ced17adc5293ea9fec20189094d54	ACTATGCCTAGTCGTAAACATTAATAGAAACACTACAGATTCTATCCGCCCGGGTACTACAAGCATTAGCTTAAAACCCAAAGGACTTGGCGGTGCTTTAGACCCAC	Eukaryota;Chordata;Actinopteri;Myctophiformes;Myctophidae;Diaphus	Eukaryota;Chordata;Actinopteri;Myctophiformes;Myctophidae;Diaphus	Eukaryota	Chordata	Actinopteri	Myctophiformes	Myctophidae	Diaphus		0.8102339795966619
1511e5fcf9d3c0dce5e63c1719df1690	ACTATGCCCAACCGTAAACAATGAGGTTTTATTACAAAAACCTCCGCCAGGGGACTACGAGCAGAAGCTTAAAACCCAAAGGACTTGGCGGTGCCTCAAACCCAC	Eukaryota;Chordata;Actinopteri;Anguilliformes;Chlopsidae;Chilorhinus;Chilorhinus suensonii	Eukaryota;Chordata;Actinopteri;Anguilliformes;Chlopsidae;Chilorhinus;Chilorhinus suensonii	Eukaryota	Chordata	Actinopteri	Anguilliformes	Chlopsidae	Chilorhinus	Chilorhinus suensonii	0.990767057
efa5be66c62ceab1a517fbfffbb1290b	ACTATGCCTAGCCGTAAACATCGGTAGAAACCCTACAAATTCTACCCGCCCGGGTACTACAAGCATTAGCTTAAAACCCAAAGGACTTGGCGGTGCTTTAGACCCAC	Eukaryota;Chordata;Actinopteri;Myctophiformes;Myctophidae;Diaphus	Eukaryota;Chordata;Actinopteri;Myctophiformes;Myctophidae;Diaphus	Eukaryota	Chordata	Actinopteri	Myctophiformes	Myctophidae	Diaphus		0.9651082585303682
9ea103c113cf3d2150e4dba15a21ff6e	ACTATGCCTAGCCGTAAACATTGATAGATGAACACACCTTCTATCCGCCTGGGAACTACGAGCATTAGCTTAAAACCCAAAGGACTTGGCGGTACTTTAGATCCCC	Eukaryota;Chordata;Actinopteri;Scombriformes;Bramidae;Pterycombus	Eukaryota;Chordata;Actinopteri;Scombriformes;Bramidae;Pterycombus	Eukaryota	Chordata	Actinopteri	Scombriformes	Bramidae	Pterycombus		0.9826912751319261
e389fd20a279b16f34050433fe25cf4a	ACTATGCCTAGCCGTAAACATTGATGGTAGTACTACACACTCCATCCGCCCGGGTACTACGAGCATTAGCTTGAAACCCAAAGGACTTGGCGGTGCTTTAGACCCAC	Eukaryota;Chordata;Actinopteri;Myctophiformes;Myctophidae;Diaphus;Diaphus dumerilii	Eukaryota;Chordata;Actinopteri;Myctophiformes;Myctophidae;Diaphus;Diaphus dumerilii	Eukaryota	Chordata	Actinopteri	Myctophiformes	Myctophidae	Diaphus	Diaphus dumerilii	0.9999058362840367
4cc2b8ec18aaa252fda5474edeae3123	ACTATGTATGGCTACCAACATTGATGACAACACACATATGTCATCCGCCAGGGAATTACGAGCAACAGCTTAAAACCCAAAGGACTTGGCGGTGCTTCAAACCCC	Eukaryota;Chordata;Actinopteri;Gadiformes;Steindachneriidae;Steindachneria;Steindachneria argentea	Eukaryota;Chordata;Actinopteri;Gadiformes;Steindachneriidae;Steindachneria;Steindachneria argentea	Eukaryota	Chordata	Actinopteri	Gadiformes	Steindachneriidae	Steindachneria	Steindachneria argentea	0.9999999773521469
624e0d098dea5cc6e8e1a152ea69998a	ACTATGCCTAGCCATAAACATTGATGGAAGTACTACACACTCCATCCGCCCGGGTACTACGAGCATTAGCTTGAAACCCAAAGGACTTGGCGGTGCTTTAGACCCAC	Eukaryota;Chordata;Actinopteri;Myctophiformes;Myctophidae;Diaphus;Diaphus dumerilii	Eukaryota;Chordata;Actinopteri;Myctophiformes;Myctophidae;Diaphus;Diaphus dumerilii	Eukaryota	Chordata	Actinopteri	Myctophiformes	Myctophidae	Diaphus	Diaphus dumerilii	0.9996045695000215
9cfba6fcef47dcdc8d0cd6a62c505eaf	ACTATGCCTAGCCGTAAACATTGATAGAATTCTGCACCCTCTATCCGCCTGGGTACTACGAGCATCAGCTTGAAACCCAAAGGACTTGGCGGTACTTTAGATCCCC	Eukaryota;Chordata;Actinopteri;Scombriformes;Scombridae;Thunnini	Eukaryota;Chordata;Actinopteri;Scombriformes;Scombridae;Thunnini	Eukaryota	Chordata	Actinopteri	Scombriformes	Scombridae	Thunnini		0.9999713185519379
47b5d87febc3290a387bd98cf98659bd	ACTATGCATAGCCCCAAACATTGATAACACACCACATATGCTATCCGCCTGGGAAGTAAGTGCATAAGCTTGAAACCCAAAGGACTTGGCGGTGCTTCAGATCCCC	Eukaryota;Chordata;Actinopteri;Perciformes;Triglidae;Prionotus;Prionotus stearnsi	Eukaryota;Chordata;Actinopteri;Perciformes;Triglidae;Prionotus;Prionotus stearnsi	Eukaryota	Chordata	Actinopteri	Perciformes	Triglidae	Prionotus	Prionotus stearnsi	0.9999987829976804
7228fd0480d1deda517899cbf9aab434	ACTATGCTCAGCCGTAAACACTGACAGATACTTACAACACCTGTCCGCCCGGGGACTACAAGCACCAGCTTCAAACCCAAAGGACTTGGCGGCGCTTTAAACCCAC	Eukaryota;Chordata;Actinopteri	Eukaryota;Chordata;Actinopteri	Eukaryota	Chordata	Actinopteri					0.9972888630628002
e8c707e44ff4d0b6e73bdc6a18975b53	ACTATGCTTTTCCCTAAACATAGATAGTACGCCACAACAACTATCCGCCCGGGGATTACGAGCACGAGCTTAAAACCCAAAGGACTTGGCGGTGCTTTAGACCCAC	Eukaryota;Chordata;Actinopteri;Perciformes;Serranidae;Bathyanthias;Bathyanthias cubensis	Eukaryota;Chordata;Actinopteri;Perciformes;Serranidae;Bathyanthias;Bathyanthias cubensis	Eukaryota	Chordata	Actinopteri	Perciformes	Serranidae	Bathyanthias	Bathyanthias cubensis	0.9999786543643765
52b2243e4f59a32c1f37be8b37e2f016	ACTATGCTTAACCGTAAACAACGGTGGAAATGTACAAATACCACCCGCCAGGGAATTACGAACACTAGTTTAAAACCCAAAGGACTTGGCGGTGCTTCAAACCCGC	Eukaryota;Chordata;Actinopteri;Anguilliformes;Ophichthidae	Eukaryota;Chordata;Actinopteri;Anguilliformes;Ophichthidae	Eukaryota	Chordata	Actinopteri	Anguilliformes	Ophichthidae			0.999908293
8feb7121572a4604eeaf26cb1d8c859f	ACTATGCCTGGCCATAAACCTCGATTTTGATACATACACACATTATCCTCCAGGGTACTACGAGCGCTAGCTTAAAACCCAAAGGACTTGGCGGTGTTTCAGATCCAC	Eukaryota;Chordata;Actinopteri;Aulopiformes;Chlorophthalmidae;Chlorophthalmus;Chlorophthalmus agassizi	Eukaryota;Chordata;Actinopteri;Aulopiformes;Chlorophthalmidae;Chlorophthalmus;Chlorophthalmus agassizi	Eukaryota	Chordata	Actinopteri	Aulopiformes	Chlorophthalmidae	Chlorophthalmus	Chlorophthalmus agassizi	0.7597547726792396
6881f8edcb2a7e2840e63d399b9b10c5	ACTATGCCTAGCCGTAAACCTTGATAGAAAATACACACCTTCTATTCGCCAGGGTACTACGAGCATCAGCTTAAAACCTAAAGGACTTGGCGGTGCTTTAGACCCAC	Eukaryota;Chordata;Actinopteri;Myctophiformes;Myctophidae;Lampanyctus	Eukaryota;Chordata;Actinopteri;Myctophiformes;Myctophidae;Lampanyctus	Eukaryota	Chordata	Actinopteri	Myctophiformes	Myctophidae	Lampanyctus		0.9970654575741522
165b33e6cb789d149f1aac69496b2941	ACTATGTTCAGCCCTAAACTTAGATGCTCAACTACACAGAGCATCCGCCAGGGTACTACGAGCACCTAGCTTAAAACCCAAAGGACCTGGCGGTGCTTTACATCCAC	Eukaryota;Chordata;Actinopteri;Gadiformes;Bregmacerotidae;Bregmaceros;Bregmaceros cantori	Eukaryota;Chordata;Actinopteri;Gadiformes;Bregmacerotidae;Bregmaceros;Bregmaceros cantori	Eukaryota	Chordata	Actinopteri	Gadiformes	Bregmacerotidae	Bregmaceros	Bregmaceros cantori	0.9999999429343392
fcb39f6fbac79b96e25057638475b9f5	TTTATGCTTAACTATAAACACTGATGTGACACACAACTACATCCGCCAGGAGACTACGAGCAAGGCTTGAAACCCAAAGGACTTGGCGGTATCTCAGACCCTC	Eukaryota;Chordata;Actinopteri;Stomiiformes;Sternoptychidae;Maurolicus;Maurolicus weitzmani	Eukaryota;Chordata;Actinopteri;Stomiiformes;Sternoptychidae;Maurolicus;Maurolicus weitzmani	Eukaryota	Chordata	Actinopteri	Stomiiformes	Sternoptychidae	Maurolicus	Maurolicus weitzmani	0.9837382846905259
a3e0744d969fe55c777b5a07c801c2a2	ACTATGCCTAGCCCTAAACATTGGTAGTATATTACACCCACTACCCGCCCGGGAATTACAAACATTAGTTTAAAACCCAAAGGACTTGGCGGTGCTTAACACCCCC	Eukaryota;Chordata;Actinopteri;Lutjaniformes;Lutjanidae;Pristipomoides	Eukaryota;Chordata;Actinopteri;Lutjaniformes;Lutjanidae;Pristipomoides	Eukaryota	Chordata	Actinopteri	Lutjaniformes	Lutjanidae	Pristipomoides		0.8830358228096105
802a8e71e181131791ff25434f456315	GTTATGCTTAGTTGTAAACTTTGATGCTGAAGCACGACCAGCATTCGCCCGGGAATTACGAGCACTAGCTTAAAACTCAAAGGACTTGGCGGTGCCTTAGACCCC	Eukaryota;Chordata;Actinopteri;Stomiiformes;Stomiidae;Bathophilus	Eukaryota;Chordata;Actinopteri;Stomiiformes;Stomiidae;Bathophilus;NA	Eukaryota	Chordata	Actinopteri	Stomiiformes	Stomiidae	Bathophilus		0.9606822629347713
41b41b6d5046f4ac1b2356c5167ed865	ACTATGCCTAGCCCTAAACATTGATAGACCATTACAACCCCTATCCGCCCGGGTACTACGAGTGGTAACTTGAAACCCAAAGGACTTGGCGGTGCTTTAGACCCCC	Eukaryota;Chordata;Actinopteri;Perciformes;Serranidae;Hemanthias;Hemanthias leptus	Eukaryota;Chordata;Actinopteri;Perciformes;Serranidae;Hemanthias;Hemanthias leptus	Eukaryota	Chordata	Actinopteri	Perciformes	Serranidae	Hemanthias	Hemanthias leptus	0.9999637419325632
e6a3865de271bb1ce577d0499171ac76	ACTATGCCTAGCCGTAAACATTGATAGAGATAATACAACACCTATCCGCCTGGGAACTACAAGCATAAGCTTCAAACCCAAAGGACTTGGCGGTGCTTTAGACCCAC	Eukaryota;Chordata;Actinopteri;Myctophiformes;Myctophidae;Myctophum	Eukaryota;Chordata;Actinopteri;Myctophiformes;Myctophidae;Myctophum	Eukaryota	Chordata	Actinopteri	Myctophiformes	Myctophidae	Myctophum		0.9830724482478131
bee3a92867fa4440bd5a3cfc92b8f390	ACTATGCTTAGCCGTAAACATTGATAGAGCAATACAATCCCCATCCGCCCGGGGACTACGAGCAACAGCTTAAAACCCAAAGGACTTGGCGGTGCTTTAGTCCCAC	Eukaryota;Chordata;Actinopteri;NA;Malacanthidae;Lopholatilus;Lopholatilus chamaeleonticeps	Eukaryota;Chordata;Actinopteri;NA;Malacanthidae;Lopholatilus;Lopholatilus chamaeleonticeps	Eukaryota	Chordata	Actinopteri	NA	Malacanthidae	Lopholatilus	Lopholatilus chamaeleonticeps	0.9823403111018332
039a2b4224fc7348598279796f51a5e0	ATTATGCTTAGCCGTAAACATCGACAGCATTTTATACCCGCTGTCCGCCCGGGGACTACGAGCATTAGCTTGAAACCCAAAGGACTTGGCGGTACTTCAAACCCAC	Eukaryota;Chordata;Actinopteri;NA;Malacanthidae;Lopholatilus;Lopholatilus chamaeleonticeps	Eukaryota;Chordata;Actinopteri;NA;Malacanthidae;Lopholatilus;Lopholatilus chamaeleonticeps	Eukaryota	Chordata	Actinopteri	NA	Malacanthidae	Lopholatilus	Lopholatilus chamaeleonticeps	0.9986734241429893
abc12d6cd12a574f2183f003593d3940	ACTATGTATAGCCTTAAACCTTGATAGAATAACACAACCCCTATCCGCCCGGGAACTACGAGCACCAGCTTAAAACCCAAAGGACTTGGCGGTTCATTAGATCCCT	Eukaryota;Chordata;Actinopteri;Polymixiiformes;Polymixiidae;Polymixia;Polymixia lowei	Eukaryota;Chordata;Actinopteri;Polymixiiformes;Polymixiidae;Polymixia;Polymixia lowei	Eukaryota	Chordata	Actinopteri	Polymixiiformes	Polymixiidae	Polymixia	Polymixia lowei	0.8724314141999169
701e88aa7b7de36d35b9d326b004861c	ATTATGCCTAGCCGTAAACATTGATGGAAGTACTACACACTCCATCCGCCCGGGTACTACGAGCCACAGCTTAAAACTCAAAGGACCTGGCGGTGCTTCATACCCCT	Eukaryota;Chordata;Actinopteri;Myctophiformes;Myctophidae;Diaphus;Diaphus dumerilii	Eukaryota;Chordata;Actinopteri;Myctophiformes;Myctophidae;Diaphus;Diaphus dumerilii	Eukaryota	Chordata	Actinopteri	Myctophiformes	Myctophidae	Diaphus	Diaphus dumerilii	0.8858857287737695